id,atendimento,pre√ßo
0001,2,1
0002,2,1
0003,3,5
0004,4,2
0005,4,3
0006,2,2
0007,5,5
0008,2,2
0009,4,2
0010,3,3
0011,4,3
0012,4,2
0013,4,2
0014,3,2
0015,4,2
0016,1,2
0017,4,5
0018,3,2
0019,4,2
0020,3,3
0021,3,2
0022,3,2
0023,4,3
0024,3,5
0025,1,3
0026,4,4
0027,4,3
0028,5,5
0029,1,3
0030,4,2
0031,4,2
0032,1,2
0033,4,3
0034,4,4
0035,4,2
0036,4,3
0037,3,2
0038,4,1
0039,1,2
0040,3,2
0041,4,2
0042,2,4
0043,4,5
0044,5,2
0045,2,1
0046,5,5
0047,4,3
0048,4,3
0049,3,2
0050,4,2
0051,1,2
0052,4,4
0053,1,2
0054,2,2
0055,4,3
0056,3,3
0057,4,3
0058,1,1
0059,3,2
0060,4,3
0061,4,5
0062,3,2
0063,3,2
0064,4,5
0065,4,4
0066,3,3
0067,2,3
0068,3,2
0069,4,2
0070,3,5
0071,2,2
0072,3,2
0073,2,2
0074,3,5
0075,5,2
0076,4,2
0077,2,1
0078,2,1
0079,4,3
0080,2,3
0081,4,3
0082,4,2
0083,4,4
0084,2,2
0085,3,3
0086,3,2
0087,4,2
0088,2,1
0089,4,3
0090,3,3
0091,5,2
0092,4,3
0093,1,3
0094,4,2
0095,4,5
0096,3,2
0097,2,2
0098,1,3
0099,3,2
0100,1,1
0101,3,2
0102,4,2
0103,4,5
0104,1,1
0105,4,5
0106,3,2
0107,2,2
0108,3,2
0109,2,2
0110,4,3
0111,4,1
0112,5,2
0113,4,5
0114,3,2
0115,2,3
0116,3,2
0117,4,1
0118,2,1
0119,3,3
0120,4,4
0121,2,4
0122,3,2
0123,4,5
0124,4,2
0125,2,2
0126,1,2
0127,4,2
0128,4,3
0129,4,1
0130,4,3
0131,2,3
0132,5,2
0133,1,1
0134,5,5
0135,5,5
0136,4,2
0137,4,3
0138,4,2
0139,1,2
0140,4,3
0141,2,1
0142,3,2
0143,5,2
0144,4,3
0145,4,3
0146,4,2
0147,1,1
0148,3,2
0149,2,4
0150,2,2
0151,1,2
0152,4,5
0153,4,2
0154,4,1
0155,3,2
0156,4,3
0157,4,2
0158,1,2
0159,3,2
0160,2,2
0161,3,2
0162,4,3
0163,3,5
0164,4,2
0165,3,2
0166,4,2
0167,4,2
0168,3,2
0169,5,2
0170,3,3
0171,4,3
0172,4,5
0173,1,3
0174,4,2
0175,4,1
0176,4,2
0177,4,2
0178,4,3
0179,3,2
0180,4,2
0181,4,5
0182,5,2
0183,3,2
0184,4,2
0185,3,2
0186,4,5
0187,3,2
0188,3,2
0189,4,2
0190,4,5
0191,4,3
0192,3,3
0193,2,2
0194,4,2
0195,4,5
0196,3,5
0197,4,1
0198,2,2
0199,3,2
0200,2,1
0201,1,2
0202,4,5
0203,2,3
0204,4,5
0205,4,2
0206,2,2
0207,4,1
0208,3,3
0209,4,3
0210,2,2
0211,1,2
0212,3,3
0213,5,2
0214,4,3
0215,3,5
0216,4,2
0217,4,5
0218,4,2
0219,2,3
0220,2,3
0221,1,2
0222,4,3
0223,5,2
0224,2,2
0225,3,2
0226,4,3
0227,3,2
0228,4,3
0229,1,1
0230,3,2
0231,3,2
0232,4,2
0233,2,3
0234,1,3
0235,2,2
0236,4,2
0237,4,4
0238,4,1
0239,4,2
0240,4,3
0241,3,2
0242,4,3
0243,4,5
0244,1,2
0245,2,4
0246,1,2
0247,4,2
0248,3,2
0249,3,2
0250,4,1
0251,4,1
0252,1,2
0253,2,2
0254,1,1
0255,2,3
0256,5,2
0257,4,5
0258,5,2
0259,4,5
0260,3,2
0261,3,2
0262,4,3
0263,4,5
0264,2,3
0265,4,2
0266,3,2
0267,2,2
0268,2,2
0269,4,2
0270,4,5
0271,5,2
0272,4,2
0273,3,2
0274,3,5
0275,1,2
0276,3,2
0277,4,1
0278,4,5
0279,1,1
0280,4,2
0281,3,2
0282,4,2
0283,1,3
0284,4,3
0285,4,1
0286,4,1
0287,4,5
0288,4,5
0289,4,2
0290,3,5
0291,4,2
0292,2,2
0293,3,2
0294,2,2
0295,2,1
0296,4,2
0297,4,5
0298,4,2
0299,5,2
0300,4,2
0301,4,2
0302,3,3
0303,4,3
0304,3,5
0305,4,3
0306,2,3
0307,3,2
0308,4,5
0309,4,2
0310,3,3
0311,1,3
0312,3,2
0313,3,2
0314,4,2
0315,4,4
0316,2,3
0317,3,2
0318,1,1
0319,4,5
0320,5,2
0321,3,2
0322,4,1
0323,4,2
0324,4,3
0325,2,3
0326,4,3
0327,4,5
0328,4,3
0329,2,2
0330,3,2
0331,3,2
0332,2,1
0333,5,5
0334,3,2
0335,4,3
0336,4,1
0337,3,3
0338,4,3
0339,4,1
0340,3,2
0341,4,2
0342,3,2
0343,4,3
0344,5,2
0345,1,2
0346,2,1
0347,2,2
0348,2,3
0349,4,1
0350,4,3
0351,4,2
0352,3,2
0353,4,2
0354,1,3
0355,2,2
0356,1,3
0357,3,2
0358,5,2
0359,1,1
0360,3,2
0361,2,1
0362,2,1
0363,3,3
0364,5,2
0365,1,3
0366,2,3
0367,4,2
0368,4,5
0369,2,3
0370,4,3
0371,2,1
0372,2,1
0373,4,3
0374,4,3
0375,2,1
0376,1,2
0377,4,5
0378,3,2
0379,3,5
0380,4,2
0381,4,4
0382,4,2
0383,4,2
0384,3,2
0385,4,5
0386,3,2
0387,1,2
0388,3,5
0389,4,3
0390,4,1
0391,4,5
0392,4,3
0393,4,2
0394,3,2
0395,2,2
0396,3,2
0397,3,2
0398,4,1
0399,4,5
0400,1,3
0401,3,2
0402,4,3
0403,4,2
0404,1,3
0405,4,1
0406,3,2
0407,2,3
0408,1,2
0409,2,2
0410,3,2
0411,2,3
0412,3,2
0413,4,4
0414,4,2
0415,4,5
0416,1,2
0417,3,2
0418,2,3
0419,4,2
0420,4,3
0421,4,1
0422,2,1
0423,3,3
0424,4,3
0425,4,1
0426,1,2
0427,1,2
0428,2,4
0429,4,3
0430,3,2
0431,4,2
0432,4,3
0433,4,3
0434,3,2
0435,2,4
0436,5,5
0437,4,2
0438,5,2
0439,3,2
0440,4,2
0441,1,1
0442,3,2
0443,5,2
0444,4,5
0445,3,3
0446,2,2
0447,3,3
0448,2,2
0449,3,2
0450,3,2
0451,3,2
0452,3,2
0453,3,2
0454,4,2
0455,3,2
0456,4,2
0457,2,3
0458,2,2
0459,1,1
0460,3,2
0461,5,5
0462,3,5
0463,4,2
0464,4,4
0465,4,2
0466,4,2
0467,4,4
0468,3,2
0469,3,2
0470,2,2
0471,5,2
0472,3,2
0473,4,3
0474,3,3
0475,3,3
0476,4,1
0477,4,2
0478,3,2
0479,4,2
0480,4,3
0481,2,3
0482,4,2
0483,4,5
0484,2,3
0485,3,2
0486,2,2
0487,4,2
0488,3,2
0489,1,2
0490,4,2
0491,4,1
0492,4,2
0493,2,3
0494,4,1
0495,1,2
0496,3,2
0497,5,5
0498,2,3
0499,3,3
0500,4,2
0501,3,2
0502,4,3
0503,3,2
0504,1,2
0505,4,5
0506,4,5
0507,5,2
0508,4,5
0509,3,2
0510,4,2
0511,1,2
0512,4,2
0513,4,5
0514,4,3
0515,3,5
0516,4,2
0517,5,2
0518,3,2
0519,3,2
0520,4,5
0521,3,2
0522,2,2
0523,4,2
0524,3,5
0525,1,2
0526,4,2
0527,1,2
0528,5,2
0529,2,3
0530,4,3
0531,5,2
0532,3,3
0533,2,3
0534,4,2
0535,4,4
0536,4,5
0537,3,2
0538,3,2
0539,2,1
0540,2,1
0541,2,2
0542,2,1
0543,4,2
0544,1,2
0545,5,2
0546,4,2
0547,3,5
0548,2,2
0549,4,3
0550,4,3
0551,4,2
0552,1,2
0553,4,5
0554,3,2
0555,4,4
0556,4,5
0557,4,3
0558,1,2
0559,4,3
0560,2,3
0561,4,2
0562,2,3
0563,2,1
0564,2,3
0565,4,3
0566,3,5
0567,4,2
0568,4,1
0569,4,5
0570,2,3
0571,4,4
0572,4,2
0573,4,3
0574,4,2
0575,4,3
0576,4,5
0577,4,3
0578,4,3
0579,4,5
0580,2,1
0581,3,2
0582,3,2
0583,3,2
0584,4,3
0585,3,2
0586,4,4
0587,2,3
0588,4,5
0589,4,5
0590,1,2
0591,4,5
0592,4,2
0593,4,2
0594,4,1
0595,3,5
0596,4,1
0597,4,3
0598,4,2
0599,2,1
0600,2,4
0601,4,2
0602,4,2
0603,2,2
0604,4,3
0605,4,2
0606,4,2
0607,2,3
0608,2,2
0609,3,2
0610,4,3
0611,3,3
0612,3,2
0613,2,4
0614,4,2
0615,4,3
0616,5,2
0617,2,3
0618,4,2
0619,4,2
0620,5,2
0621,4,4
0622,3,2
0623,2,1
0624,2,1
0625,1,3
0626,3,5
0627,1,3
0628,2,2
0629,4,5
0630,4,1
0631,2,4
0632,3,2
0633,4,2
0634,4,5
0635,3,2
0636,2,2
0637,5,2
0638,4,2
0639,3,2
0640,1,1
0641,4,4
0642,4,3
0643,2,2
0644,1,2
0645,3,3
0646,4,3
0647,2,3
0648,3,2
0649,4,3
0650,1,2
0651,5,2
0652,4,1
0653,3,3
0654,3,3
0655,2,1
0656,1,2
0657,4,2
0658,4,2
0659,2,1
0660,4,5
0661,2,3
0662,3,5
0663,5,5
0664,3,2
0665,4,2
0666,4,2
0667,4,3
0668,4,4
0669,2,2
0670,3,3
0671,4,2
0672,3,2
0673,3,5
0674,1,1
0675,5,5
0676,4,3
0677,3,2
0678,4,2
0679,4,2
0680,4,3
0681,5,2
0682,2,1
0683,5,2
0684,4,5
0685,4,2
0686,2,2
0687,2,2
0688,3,2
0689,2,2
0690,5,5
0691,2,2
0692,1,3
0693,3,2
0694,5,2
0695,4,2
0696,2,1
0697,3,5
0698,2,4
0699,2,4
0700,2,3
0701,3,2
0702,4,2
0703,5,2
0704,4,2
0705,3,2
0706,4,1
0707,4,3
0708,4,2
0709,2,3
0710,3,2
0711,2,1
0712,2,1
0713,4,5
0714,4,3
0715,4,5
0716,5,5
0717,4,2
0718,3,2
0719,4,1
0720,3,2
0721,4,3
0722,3,2
0723,1,3
0724,4,3
0725,4,3
0726,3,2
0727,1,2
0728,4,3
0729,4,5
0730,3,2
0731,1,3
0732,2,3
0733,3,2
0734,3,2
0735,4,3
0736,5,2
0737,2,1
0738,3,2
0739,3,2
0740,4,2
0741,4,5
0742,5,5
0743,2,2
0744,3,2
0745,5,5
0746,2,2
0747,4,5
0748,1,1
0749,4,2
0750,4,2
0751,3,2
0752,4,3
0753,3,2
0754,1,2
0755,4,5
0756,3,3
0757,3,2
0758,4,3
0759,4,3
0760,1,3
0761,1,2
0762,3,2
0763,4,1
0764,2,3
0765,3,2
0766,4,5
0767,4,2
0768,1,2
0769,2,2
0770,4,2
0771,2,2
0772,3,2
0773,4,4
0774,4,2
0775,4,3
0776,4,5
0777,4,2
0778,2,2
0779,2,3
0780,2,4
0781,5,5
0782,3,2
0783,4,3
0784,3,2
0785,2,1
0786,4,2
0787,5,2
0788,3,2
0789,4,2
0790,3,3
0791,4,3
0792,4,2
0793,4,3
0794,2,4
0795,3,2
0796,5,2
0797,4,1
0798,2,2
0799,4,5
0800,4,3
0801,2,2
0802,1,1
0803,4,3
0804,2,2
0805,4,2
0806,3,3
0807,4,3
0808,5,2
0809,3,2
0810,3,2
0811,4,5
0812,4,2
0813,3,3
0814,4,2
0815,3,2
0816,2,1
0817,4,3
0818,2,2
0819,3,2
0820,2,2
0821,4,1
0822,4,2
0823,3,3
0824,3,2
0825,4,2
0826,3,2
0827,3,2
0828,2,2
0829,4,5
0830,3,3
0831,4,5
0832,5,2
0833,3,2
0834,4,1
0835,3,2
0836,2,1
0837,3,3
0838,5,2
0839,5,2
0840,2,2
0841,4,5
0842,4,3
0843,2,3
0844,2,3
0845,2,2
0846,4,2
0847,3,2
0848,4,2
0849,2,2
0850,4,1
0851,3,2
0852,4,5
0853,2,4
0854,3,2
0855,5,5
0856,3,2
0857,4,2
0858,3,3
0859,2,4
0860,4,5
0861,3,5
0862,4,2
0863,3,3
0864,4,3
0865,4,4
0866,5,5
0867,3,2
0868,5,5
0869,4,3
0870,4,5
0871,4,2
0872,4,3
0873,3,2
0874,4,5
0875,4,4
0876,2,2
0877,4,3
0878,2,1
0879,2,4
0880,3,2
0881,3,2
0882,4,3
0883,4,2
0884,4,2
0885,2,2
0886,1,2
0887,2,2
0888,1,3
0889,2,4
0890,1,1
0891,4,2
0892,3,2
0893,3,2
0894,5,2
0895,4,2
0896,4,2
0897,3,3
0898,4,4
0899,4,2
0900,4,2
0901,2,3
0902,4,1
0903,3,2
0904,4,2
0905,3,2
0906,3,2
0907,4,3
0908,1,1
0909,3,3
0910,4,2
0911,1,3
0912,5,5
0913,4,3
0914,5,2
0915,4,3
0916,5,5
0917,5,2
0918,4,2
0919,4,2
0920,3,5
0921,2,4
0922,3,5
0923,4,1
0924,4,2
0925,2,1
0926,2,1
0927,4,3
0928,4,3
0929,4,5
0930,4,2
0931,4,1
0932,3,2
0933,4,2
0934,2,2
0935,3,2
0936,5,5
0937,4,5
0938,4,1
0939,2,1
0940,1,3
0941,3,5
0942,4,2
0943,3,2
0944,5,5
0945,3,2
0946,5,2
0947,3,5
0948,4,2
0949,3,2
0950,4,3
0951,5,2
0952,4,4
0953,4,5
0954,2,2
0955,1,2
0956,3,2
0957,1,1
0958,4,3
0959,5,2
0960,4,3
0961,3,2
0962,3,2
0963,1,3
0964,4,1
0965,3,2
0966,4,1
0967,3,2
0968,3,2
0969,2,2
0970,4,3
0971,4,1
0972,1,2
0973,2,1
0974,3,3
0975,3,2
0976,2,1
0977,4,2
0978,3,2
0979,4,2
0980,1,3
0981,2,3
0982,5,2
0983,4,2
0984,3,2
0985,4,5
0986,3,3
0987,4,2
0988,3,5
0989,2,1
0990,3,2
0991,3,2
0992,4,5
0993,3,3
0994,1,2
0995,3,2
0996,2,2
0997,3,2
0998,3,2
0999,4,1
1000,3,2
1001,5,5
1002,4,5
1003,2,4
1004,4,2
1005,4,2
1006,4,3
1007,3,2
1008,1,2
1009,4,5
1010,4,4
1011,4,5
1012,2,1
1013,4,1
1014,4,2
1015,4,3
1016,2,2
1017,5,2
1018,4,3
1019,4,3
1020,3,3
1021,4,1
1022,3,2
1023,1,2
1024,3,2
1025,4,3
1026,3,2
1027,2,3
1028,4,2
1029,2,2
1030,1,1
1031,4,5
1032,2,1
1033,4,2
1034,4,3
1035,3,2
1036,1,3
1037,2,2
1038,4,1
1039,3,2
1040,2,2
1041,5,5
1042,3,2
1043,4,2
1044,3,2
1045,2,2
1046,3,3
1047,1,1
1048,5,5
1049,1,1
1050,4,2
1051,3,2
1052,3,2
1053,1,3
1054,3,3
1055,3,3
1056,3,2
1057,3,2
1058,3,2
1059,5,2
1060,4,3
1061,2,3
1062,4,4
1063,4,2
1064,4,3
1065,1,1
1066,2,3
1067,3,2
1068,2,4
1069,4,2
1070,4,2
1071,2,2
1072,3,3
1073,4,2
1074,3,2
1075,2,3
1076,3,2
1077,3,2
1078,4,1
1079,3,3
1080,4,2
1081,3,5
1082,2,1
1083,5,5
1084,2,2
1085,1,2
1086,2,1
1087,4,1
1088,2,2
1089,4,3
1090,3,2
1091,1,2
1092,4,3
1093,2,2
1094,3,2
1095,4,3
1096,1,2
1097,4,2
1098,2,4
1099,4,3
1100,4,2
1101,1,2
1102,4,2
1103,4,3
1104,4,5
1105,1,1
1106,1,1
1107,1,1
1108,2,4
1109,4,3
1110,1,2
1111,4,3
1112,2,3
1113,2,2
1114,4,2
1115,2,2
1116,3,2
1117,4,5
1118,3,2
1119,4,2
1120,4,2
1121,2,3
1122,4,1
1123,4,2
1124,3,2
1125,2,2
1126,2,4
1127,2,3
1128,3,2
1129,1,2
1130,3,3
1131,2,2
1132,2,1
1133,5,2
1134,1,2
1135,4,2
1136,4,4
1137,2,2
1138,4,5
1139,2,3
1140,3,2
1141,3,3
1142,3,3
1143,4,3
1144,3,3
1145,3,2
1146,4,3
1147,3,2
1148,3,2
1149,3,2
1150,2,2
1151,4,2
1152,4,3
1153,3,2
1154,4,2
1155,1,2
1156,2,1
1157,3,2
1158,3,2
1159,4,1
1160,4,5
1161,3,3
1162,4,2
1163,4,1
1164,3,2
1165,3,2
1166,2,4
1167,4,2
1168,4,5
1169,1,1
1170,4,4
1171,4,3
1172,3,3
1173,4,2
1174,4,2
1175,3,2
1176,2,1
1177,4,3
1178,5,2
1179,4,3
1180,5,2
1181,5,2
1182,3,2
1183,4,2
1184,1,2
1185,4,2
1186,2,4
1187,4,2
1188,2,2
1189,4,2
1190,1,1
1191,4,1
1192,1,2
1193,4,3
1194,3,2
1195,3,3
1196,4,2
1197,4,1
1198,4,2
1199,4,4
1200,3,2
1201,1,2
1202,3,3
1203,4,2
1204,2,1
1205,5,2
1206,5,5
1207,4,3
1208,4,2
1209,3,2
1210,3,2
1211,2,2
1212,4,3
1213,2,3
1214,4,2
1215,3,3
1216,3,3
1217,4,1
1218,4,5
1219,2,1
1220,3,2
1221,1,3
1222,2,4
1223,2,3
1224,4,3
1225,4,2
1226,3,2
1227,3,2
1228,3,2
1229,5,5
1230,1,3
1231,4,3
1232,1,1
1233,1,2
1234,2,1
1235,4,2
1236,2,1
1237,5,2
1238,2,2
1239,5,2
1240,4,3
1241,3,2
1242,5,2
1243,4,2
1244,3,2
1245,3,5
1246,2,3
1247,4,1
1248,2,1
1249,3,2
1250,3,2
1251,4,4
1252,5,5
1253,4,3
1254,2,1
1255,4,2
1256,3,2
1257,2,1
1258,4,2
1259,3,2
1260,4,2
1261,4,3
1262,2,1
1263,3,2
1264,3,2
1265,2,4
1266,2,3
1267,4,2
1268,4,3
1269,4,3
1270,4,2
1271,1,3
1272,5,2
1273,4,3
1274,3,2
1275,2,2
1276,4,2
1277,3,2
1278,4,2
1279,2,2
1280,2,1
1281,3,2
1282,2,3
1283,3,3
1284,4,2
1285,4,1
1286,2,3
1287,3,2
1288,4,3
1289,2,4
1290,4,1
1291,4,2
1292,4,5
1293,4,2
1294,4,2
1295,4,3
1296,4,3
1297,4,2
1298,1,3
1299,3,2
1300,3,3
1301,2,2
1302,3,2
1303,4,3
1304,4,5
1305,3,3
1306,2,4
1307,4,2
1308,3,2
1309,1,2
1310,2,1
1311,2,2
1312,1,1
1313,2,4
1314,2,2
1315,5,2
1316,1,2
1317,3,2
1318,3,2
1319,2,3
1320,2,3
1321,2,2
1322,4,2
1323,4,5
1324,5,4
1325,3,1
1326,3,3
1327,4,4
1328,4,3
1329,4,2
1330,3,3
1331,4,3
1332,4,3
1333,4,5
1334,4,2
1335,4,2
1336,5,5
1337,4,3
1338,4,2
1339,3,3
1340,4,3
1341,4,3
1342,4,3
1343,4,2
1344,4,2
1345,3,4
1346,3,4
1347,3,3
1348,3,3
1349,4,4
1350,3,3
1351,5,3
1352,3,1
1353,4,3
1354,4,2
1355,4,3
1356,4,3
1357,5,4
1358,4,2
1359,3,3
1360,4,2
1361,4,4
1362,3,1
1363,4,3
1364,3,4
1365,3,2
1366,4,3
1367,3,1
1368,3,3
1369,1,3
1370,3,2
1371,3,2
1372,1,3
1373,4,5
1374,3,3
1375,4,3
1376,4,2
1377,3,2
1378,4,3
1379,4,2
1380,5,4
1381,4,3
1382,4,2
1383,1,3
1384,4,3
1385,4,4
1386,3,3
1387,5,5
1388,4,4
1389,4,5
1390,3,3
1391,4,2
1392,4,2
1393,5,4
1394,4,3
1395,3,1
1396,5,4
1397,4,5
1398,4,2
1399,4,4
1400,4,2
1401,4,2
1402,3,2
1403,4,5
1404,4,3
1405,5,4
1406,4,2
1407,3,4
1408,3,2
1409,4,2
1410,3,3
1411,3,2
1412,3,3
1413,4,2
1414,4,2
1415,4,3
1416,3,4
1417,4,4
1418,4,5
1419,5,4
1420,3,2
1421,4,3
1422,3,4
1423,4,3
1424,1,3
1425,4,2
1426,4,2
1427,3,3
1428,3,3
1429,4,2
1430,4,4
1431,4,3
1432,4,3
1433,4,2
1434,4,5
1435,2,2
1436,4,2
1437,4,4
1438,4,3
1439,4,4
1440,4,2
1441,5,4
1442,4,2
1443,5,3
1444,4,2
1445,3,3
1446,5,3
1447,4,3
1448,4,2
1449,4,4
1450,4,4
1451,3,3
1452,4,2
1453,4,2
1454,3,2
1455,4,3
1456,4,2
1457,4,3
1458,4,5
1459,3,3
1460,4,2
1461,4,3
1462,4,4
1463,4,2
1464,3,2
1465,4,5
1466,1,3
1467,4,3
1468,4,3
1469,4,4
1470,4,5
1471,4,4
1472,4,2
1473,3,4
1474,4,2
1475,4,4
1476,4,2
1477,2,2
1478,3,2
1479,4,3
1480,3,3
1481,3,3
1482,4,3
1483,4,3
1484,3,3
1485,3,2
1486,4,2
1487,4,3
1488,3,2
1489,3,1
1490,4,3
1491,4,2
1492,4,2
1493,4,3
1494,4,3
1495,4,4
1496,4,5
1497,4,2
1498,4,3
1499,4,3
1500,1,3
1501,3,3
1502,4,2
1503,4,5
1504,2,2
1505,5,3
1506,4,4
1507,4,2
1508,3,3
1509,4,2
1510,5,3
1511,3,2
1512,4,2
1513,4,3
1514,4,3
1515,4,2
1516,4,2
1517,4,2
1518,2,2
1519,4,3
1520,4,2
1521,4,2
1522,5,3
1523,4,3
1524,4,2
1525,4,4
1526,3,4
1527,4,3
1528,3,3
1529,2,2
1530,3,3
1531,4,2
1532,4,4
1533,3,3
1534,2,2
1535,5,3
1536,2,2
1537,3,4
1538,3,3
1539,4,3
1540,4,3
1541,4,2
1542,4,5
1543,4,2
1544,4,4
1545,4,2
1546,3,2
1547,4,4
1548,3,4
1549,4,4
1550,3,3
1551,4,2
1552,5,4
1553,3,3
1554,1,3
1555,4,2
1556,3,3
1557,5,3
1558,4,3
1559,2,2
1560,3,1
1561,4,2
1562,4,2
1563,4,2
1564,4,3
1565,4,3
1566,3,4
1567,4,4
1568,3,2
1569,3,3
1570,4,4
1571,4,2
1572,3,4
1573,4,5
1574,4,2
1575,3,2
1576,4,2
1577,3,3
1578,3,3
1579,4,2
1580,4,3
1581,4,3
1582,4,2
1583,3,1
1584,4,3
1585,5,4
1586,3,3
1587,4,5
1588,4,5
1589,4,3
1590,5,4
1591,3,3
1592,4,2
1593,4,3
1594,4,2
1595,3,3
1596,4,3
1597,1,3
1598,3,4
1599,4,2
1600,3,3
1601,4,4
1602,4,3
1603,4,3
1604,4,3
1605,4,4
1606,3,3
1607,4,3
1608,4,3
1609,3,1
1610,4,3
1611,4,2
1612,3,2
1613,5,4
1614,4,4
1615,4,3
1616,4,5
1617,4,2
1618,4,3
1619,5,5
1620,4,3
1621,3,3
1622,4,4
1623,4,3
1624,4,3
1625,5,4
1626,5,4
1627,4,4
1628,3,3
1629,4,2
1630,4,5
1631,4,3
1632,4,2
1633,4,2
1634,4,3
1635,3,2
1636,4,2
1637,3,3
1638,4,2
1639,3,3
1640,4,2
1641,2,2
1642,4,5
1643,4,3
1644,3,4
1645,3,3
1646,4,3
1647,4,4
1648,3,3
1649,5,4
1650,4,3
1651,5,5
1652,4,2
1653,4,3
1654,2,2
1655,4,4
1656,4,3
1657,3,3
1658,4,3
1659,3,3
1660,3,3
1661,4,5
1662,3,3
1663,4,3
1664,5,4
1665,5,3
1666,4,4
1667,4,3
1668,3,4
1669,5,3
1670,5,3
1671,3,4
1672,3,1
1673,4,3
1674,4,2
1675,4,2
1676,3,3
1677,4,2
1678,3,2
1679,4,5
1680,4,3
1681,4,4
1682,5,3
1683,4,5
1684,4,4
1685,2,2
1686,4,3
1687,4,3
1688,3,3
1689,3,3
1690,4,2
1691,4,2
1692,4,2
1693,3,3
1694,4,4
1695,4,4
1696,3,4
1697,4,2
1698,4,3
1699,4,2
1700,4,4
1701,3,3
1702,4,3
1703,4,3
1704,3,2
1705,5,4
1706,4,3
1707,4,3
1708,4,2
1709,5,4
1710,5,5
1711,4,2
1712,1,3
1713,4,3
1714,4,3
1715,3,4
1716,3,3
1717,4,3
1718,4,3
1719,4,2
1720,4,2
1721,5,3
1722,4,2
1723,4,3
1724,4,5
1725,4,3
1726,4,3
1727,4,2
1728,4,3
1729,4,3
1730,3,2
1731,4,3
1732,3,3
1733,4,2
1734,4,3
1735,4,3
1736,4,5
1737,4,3
1738,4,2
1739,5,5
1740,1,3
1741,4,3
1742,4,3
1743,5,4
1744,4,3
1745,4,5
1746,4,3
1747,3,2
1748,4,2
1749,2,2
1750,4,4
1751,5,5
1752,4,3
1753,3,4
1754,3,2
1755,3,3
1756,4,3
1757,3,3
1758,4,3
1759,2,2
1760,4,4
1761,4,3
1762,4,2
1763,4,4
1764,5,3
1765,4,3
1766,2,2
1767,3,2
1768,4,3
1769,1,3
1770,4,4
1771,4,3
1772,1,3
1773,3,3
1774,4,3
1775,3,2
1776,3,2
1777,4,4
1778,5,4
1779,4,5
1780,2,2
1781,4,2
1782,3,4
1783,4,4
1784,4,3
1785,5,4
1786,4,3
1787,4,3
1788,4,5
1789,3,2
1790,4,4
1791,4,2
1792,5,3
1793,2,2
1794,4,4
1795,3,3
1796,3,1
1797,2,2
1798,3,2
1799,3,2
1800,3,2
1801,3,3
1802,4,4
1803,4,5
1804,4,2
1805,4,2
1806,3,3
1807,4,3
1808,3,2
1809,3,4
1810,4,2
1811,2,2
1812,3,2
1813,4,3
1814,4,4
1815,4,3
1816,4,2
1817,4,2
1818,4,3
1819,3,2
1820,3,4
1821,3,3
1822,4,4
1823,5,5
1824,4,2
1825,5,5
1826,3,3
1827,4,2
1828,5,5
1829,4,2
1830,4,2
1831,4,3
1832,3,3
1833,4,2
1834,4,2
1835,4,3
1836,4,4
1837,4,3
1838,3,4
1839,3,2
1840,3,2
1841,4,4
1842,4,5
1843,4,3
1844,4,3
1845,5,3
1846,4,3
1847,4,5
1848,4,4
1849,4,3
1850,3,4
1851,4,3
1852,4,2
1853,4,5
1854,4,4
1855,4,2
1856,4,5
1857,3,1
1858,4,2
1859,2,2
1860,4,2
1861,3,3
1862,4,3
1863,3,3
1864,3,3
1865,4,2
1866,3,4
1867,4,2
1868,5,4
1869,3,2
1870,5,4
1871,4,5
1872,4,3
1873,4,3
1874,3,4
1875,4,3
1876,4,5
1877,3,2
1878,3,3
1879,3,2
1880,4,2
1881,4,3
1882,2,2
1883,3,2
1884,4,3
1885,4,3
1886,5,4
1887,3,2
1888,4,2
1889,4,2
1890,4,4
1891,4,2
1892,4,2
1893,3,4
1894,4,3
1895,4,3
1896,4,2
1897,4,2
1898,4,3
1899,3,2
1900,4,3
1901,4,4
1902,4,2
1903,4,5
1904,4,2
1905,4,5
1906,3,3
1907,2,2
1908,3,3
1909,4,2
1910,5,4
1911,4,3
1912,4,3
1913,5,3
1914,3,2
1915,4,2
1916,3,3
1917,3,3
1918,3,3
1919,3,2
1920,4,2
1921,3,4
1922,4,4
1923,4,2
1924,4,5
1925,4,2
1926,5,5
1927,3,3
1928,4,5
1929,3,1
1930,4,3
1931,3,4
1932,3,4
1933,4,2
1934,3,3
1935,4,4
1936,3,3
1937,4,3
1938,4,3
1939,4,3
1940,4,2
1941,4,3
1942,1,3
1943,4,2
1944,3,3
1945,5,4
1946,3,3
1947,3,4
1948,4,4
1949,4,4
1950,4,3
1951,3,2
1952,4,4
1953,4,2
1954,5,4
1955,2,2
1956,4,2
1957,4,2
1958,4,2
1959,4,2
1960,3,4
1961,4,5
1962,4,3
1963,4,2
1964,4,3
1965,3,3
1966,4,4
1967,3,3
1968,4,4
1969,4,3
1970,4,4
1971,4,2
1972,5,3
1973,4,4
1974,4,4
1975,4,4
1976,4,4
1977,4,2
1978,3,3
1979,4,2
1980,3,3
1981,5,4
1982,4,4
1983,4,4
1984,4,3
1985,3,2
1986,4,5
1987,3,3
1988,3,3
1989,4,2
1990,3,3
1991,4,4
1992,4,3
1993,3,3
1994,4,3
1995,4,4
1996,4,3
1997,4,4
1998,3,4
1999,4,3
2000,4,3
2001,4,4
2002,5,4
2003,3,3
2004,3,3
2005,1,3
2006,3,3
2007,4,2
2008,4,2
2009,3,3
2010,4,3
2011,4,5
2012,5,4
2013,4,2
2014,4,4
2015,3,2
2016,5,3
2017,5,4
2018,4,4
2019,4,3
2020,3,3
2021,3,3
2022,4,5
2023,4,4
2024,4,3
2025,4,2
2026,4,2
2027,3,2
2028,3,3
2029,3,3
2030,4,4
2031,4,3
2032,4,2
2033,4,2
2034,3,3
2035,4,2
2036,4,3
2037,2,2
2038,4,3
2039,5,4
2040,3,3
2041,4,3
2042,4,4
2043,2,2
2044,4,4
2045,5,4
2046,4,3
2047,3,2
2048,4,3
2049,5,3
2050,3,3
2051,4,2
2052,3,3
2053,3,1
2054,4,2
2055,4,3
2056,4,3
2057,4,3
2058,5,5
2059,4,3
2060,3,1
2061,4,5
2062,4,2
2063,4,3
2064,4,2
2065,4,3
2066,3,3
2067,5,3
2068,3,4
2069,4,2
2070,4,2
2071,3,2
2072,4,3
2073,4,2
2074,3,3
2075,4,3
2076,3,3
2077,3,4
2078,4,4
2079,5,5
2080,4,3
2081,4,3
2082,4,2
2083,4,2
2084,4,3
2085,4,2
2086,4,5
2087,4,4
2088,3,3
2089,3,2
2090,4,4
2091,3,2
2092,4,2
2093,4,3
2094,4,3
2095,4,3
2096,4,5
2097,3,3
2098,4,5
2099,4,3
2100,5,3
2101,4,3
2102,4,2
2103,4,2
2104,4,3
2105,4,3
2106,4,3
2107,1,3
2108,4,2
2109,3,2
2110,4,2
2111,3,3
2112,4,4
2113,5,3
2114,5,5
2115,4,4
2116,4,3
2117,4,4
2118,3,3
2119,5,4
2120,3,4
2121,4,3
2122,4,3
2123,3,3
2124,3,2
2125,4,3
2126,4,3
2127,4,3
2128,4,4
2129,3,3
2130,4,2
2131,3,2
2132,4,3
2133,5,4
2134,2,2
2135,4,3
2136,4,3
2137,4,3
2138,4,5
2139,4,2
2140,2,2
2141,3,3
2142,4,3
2143,4,4
2144,3,2
2145,2,2
2146,3,1
2147,3,3
2148,4,4
2149,5,4
2150,5,5
2151,4,3
2152,3,3
2153,3,4
2154,4,5
2155,4,3
2156,3,3
2157,3,3
2158,2,2
2159,3,3
2160,4,5
2161,4,2
2162,4,3
2163,4,3
2164,3,3
2165,3,2
2166,3,4
2167,4,2
2168,3,2
2169,3,3
2170,3,3
2171,4,3
2172,4,5
2173,3,2
2174,3,3
2175,4,3
2176,3,1
2177,3,3
2178,3,3
2179,3,3
2180,2,2
2181,3,2
2182,5,3
2183,2,2
2184,2,2
2185,4,4
2186,5,5
2187,3,3
2188,4,2
2189,3,3
2190,4,3
2191,5,4
2192,4,2
2193,4,3
2194,4,2
2195,4,2
2196,4,3
2197,5,5
2198,1,3
2199,4,2
2200,2,2
2201,3,4
2202,4,4
2203,5,3
2204,4,2
2205,4,3
2206,4,2
2207,5,4
2208,4,4
2209,4,3
2210,4,4
2211,3,2
2212,4,3
2213,3,4
2214,4,3
2215,4,5
2216,5,3
2217,3,4
2218,4,3
2219,4,3
2220,3,3
2221,5,3
2222,4,4
2223,4,4
2224,5,4
2225,4,5
2226,3,4
2227,4,2
2228,4,3
2229,5,4
2230,5,3
2231,5,4
2232,3,3
2233,5,4
2234,4,3
2235,4,2
2236,4,2
2237,2,2
2238,4,3
2239,3,2
2240,4,3
2241,3,4
2242,4,3
2243,4,2
2244,3,3
2245,4,3
2246,4,2
2247,4,4
2248,4,3
2249,4,5
2250,4,2
2251,5,3
2252,3,2
2253,4,2
2254,4,3
2255,3,3
2256,3,3
2257,5,3
2258,3,3
2259,4,3
2260,4,2
2261,4,2
2262,4,3
2263,4,4
2264,3,4
2265,5,4
2266,4,5
2267,4,3
2268,4,3
2269,4,4
2270,3,3
2271,4,4
2272,2,2
2273,4,5
2274,4,4
2275,4,2
2276,4,3
2277,4,4
2278,3,2
2279,4,3
2280,4,3
2281,4,2
2282,4,2
2283,4,4
2284,4,4
2285,4,3
2286,3,2
2287,4,3
2288,3,2
2289,3,4
2290,4,2
2291,4,2
2292,4,3
2293,4,4
2294,4,3
2295,4,2
2296,3,1
2297,4,2
2298,5,4
2299,4,3
2300,4,5
2301,5,3
2302,4,3
2303,3,2
2304,3,2
2305,4,3
2306,4,4
2307,2,2
2308,3,2
2309,5,4
2310,4,5
2311,4,3
2312,5,3
2313,4,5
2314,4,3
2315,3,3
2316,5,4
2317,5,3
2318,4,2
2319,5,3
2320,4,2
2321,3,2
2322,4,5
2323,3,3
2324,4,3
2325,3,3
2326,4,3
2327,4,2
2328,4,3
2329,4,4
2330,5,5
2331,4,4
2332,5,4
2333,4,3
2334,3,2
2335,3,3
2336,5,4
2337,5,4
2338,3,3
2339,4,4
2340,4,5
2341,4,3
2342,4,3
2343,3,3
2344,4,5
2345,4,3
2346,4,3
2347,4,3
2348,2,2
2349,4,2
2350,4,4
2351,4,4
2352,4,4
2353,4,3
2354,4,2
2355,3,3
2356,3,3
2357,5,4
2358,3,3
2359,4,4
2360,3,4
2361,3,2
2362,4,3
2363,4,2
2364,4,3
2365,4,2
2366,5,4
2367,5,4
2368,4,3
2369,4,2
2370,4,3
2371,3,2
2372,4,2
2373,3,2
2374,4,3
2375,5,4
2376,5,4
2377,4,3
2378,4,2
2379,1,3
2380,2,2
2381,4,3
2382,4,4
2383,3,2
2384,4,2
2385,4,4
2386,2,2
2387,4,3
2388,2,2
2389,4,3
2390,3,3
2391,4,5
2392,3,3
2393,5,3
2394,4,3
2395,4,4
2396,4,5
2397,4,3
2398,3,3
2399,4,3
2400,5,3
2401,5,3
2402,3,4
2403,3,3
2404,3,2
2405,3,3
2406,4,2
2407,4,2
2408,3,3
2409,3,3
2410,4,2
2411,5,4
2412,4,2
2413,4,3
2414,4,2
2415,4,2
2416,4,2
2417,4,2
2418,4,4
2419,3,3
2420,5,4
2421,4,2
2422,3,2
2423,2,2
2424,4,3
2425,4,2
2426,5,4
2427,3,4
2428,4,3
2429,4,3
2430,4,3
2431,5,4
2432,3,4
2433,5,3
2434,4,4
2435,4,3
2436,4,5
2437,3,3
2438,3,1
2439,5,4
2440,4,3
2441,5,4
2442,5,3
2443,4,4
2444,5,4
2445,4,5
2446,5,4
2447,4,3
2448,3,2
2449,1,3
2450,4,2
2451,4,4
2452,4,4
2453,4,2
2454,4,3
2455,4,2
2456,4,4
2457,4,4
2458,4,3
2459,4,3
2460,4,4
2461,4,3
2462,4,3
2463,3,2
2464,3,3
2465,4,4
2466,4,2
2467,4,4
2468,5,4
2469,4,4
2470,4,2
2471,5,5
2472,4,3
2473,5,3
2474,3,1
2475,4,2
2476,4,3
2477,5,3
2478,5,5
2479,4,3
2480,4,2
2481,4,2
2482,5,4
2483,4,3
2484,4,4
2485,4,3
2486,4,3
2487,4,3
2488,4,3
2489,1,3
2490,4,3
2491,4,3
2492,3,3
2493,4,4
2494,4,2
2495,4,3
2496,4,4
2497,5,3
2498,4,2
2499,5,3
2500,2,2
2501,5,3
2502,4,3
2503,4,3
2504,3,3
2505,4,2
2506,4,3
2507,4,2
2508,4,3
2509,4,4
2510,4,2
2511,4,3
2512,4,2
2513,4,3
2514,4,2
2515,4,3
2516,5,5
2517,4,2
2518,4,3
2519,5,3
2520,4,2
2521,5,4
2522,4,5
2523,4,3
2524,3,2
2525,1,3
2526,4,4
2527,4,2
2528,4,2
2529,3,1
2530,3,4
2531,4,4
2532,4,3
2533,1,3
2534,5,4
2535,4,4
2536,4,4
2537,4,4
2538,4,5
2539,3,4
2540,4,2
2541,4,2
2542,3,3
2543,3,3
2544,4,3
2545,4,2
2546,4,5
2547,4,3
2548,4,4
2549,5,4
2550,4,2
2551,3,2
2552,3,3
2553,3,3
2554,2,2
2555,3,3
2556,2,2
2557,3,1
2558,4,3
2559,3,2
2560,4,5
2561,4,3
2562,4,3
2563,4,3
2564,4,3
2565,3,2
2566,3,2
2567,3,4
2568,4,3
2569,4,2
2570,4,3
2571,4,2
2572,3,2
2573,4,2
2574,4,2
2575,3,2
2576,4,3
2577,4,2
2578,5,3
2579,3,3
2580,4,3
2581,2,2
2582,5,4
2583,4,2
2584,4,2
2585,3,3
2586,4,3
2587,4,2
2588,3,3
2589,4,3
2590,5,4
2591,3,3
2592,4,5
2593,4,3
2594,5,5
2595,4,2
2596,2,2
2597,3,3
2598,4,4
2599,4,5
2600,4,3
2601,4,3
2602,4,3
2603,4,5
2604,5,3
2605,5,3
2606,5,4
2607,3,3
2608,4,5
2609,5,3
2610,4,3
2611,4,3
2612,4,2
2613,5,4
2614,3,2
2615,5,3
2616,4,4
2617,3,2
2618,4,3
2619,5,5
2620,4,2
2621,3,1
2622,4,4
2623,4,3
2624,4,2
2625,4,3
2626,4,3
2627,4,2
2628,4,5
2629,4,3
2630,4,5
2631,3,3
2632,3,3
2633,3,3
2634,3,3
2635,4,2
2636,5,4
2637,4,2
2638,4,2
2639,4,4
2640,2,2
2641,5,4
2642,3,3
2643,1,3
2644,4,3
2645,4,5
2646,4,5
2647,4,3
2648,4,3
2649,4,3
2650,4,2
2651,4,2
2652,3,2
2653,4,2
2654,4,3
2655,4,2
2656,3,3
2657,3,3
2658,3,3
2659,5,5
2660,3,2
2661,4,3
2662,4,4
2663,3,3
2664,4,3
2665,5,3
2666,4,2
2667,4,3
2668,4,3
2669,4,4
2670,4,4
2671,4,4
2672,1,3
2673,5,4
2674,3,3
2675,4,4
2676,4,3
2677,2,2
2678,4,2
2679,3,2
2680,4,2
2681,3,3
2682,3,3
2683,3,2
2684,3,4
2685,4,2
2686,3,1
2687,3,3
2688,3,3
2689,4,3
2690,4,4
2691,3,2
2692,4,4
2693,4,4
2694,4,2
2695,4,3
2696,4,3
2697,4,2
2698,4,3
2699,1,3
2700,3,2
2701,4,2
2702,3,4
2703,5,5
2704,4,3
2705,3,3
2706,4,5
2707,4,3
2708,2,2
2709,5,3
2710,4,2
2711,4,4
2712,4,3
2713,4,2
2714,4,3
2715,3,3
2716,4,2
2717,4,4
2718,4,5
2719,3,2
2720,3,2
2721,4,2
2722,4,2
2723,3,2
2724,4,3
2725,3,3
2726,3,2
2727,4,3
2728,4,4
2729,4,2
2730,5,3
2731,2,2
2732,3,2
2733,2,2
2734,2,2
2735,4,4
2736,4,3
2737,4,5
2738,2,2
2739,4,2
2740,4,2
2741,3,2
2742,4,2
2743,4,3
2744,3,4
2745,5,4
2746,4,2
2747,5,5
2748,3,3
2749,4,3
2750,4,5
2751,4,3
2752,5,4
2753,4,3
2754,4,2
2755,3,2
2756,4,2
2757,4,5
2758,4,4
2759,4,2
2760,4,3
2761,3,1
2762,4,4
2763,4,4
2764,5,4
2765,4,2
2766,4,3
2767,4,3
2768,3,4
2769,1,3
2770,3,3
2771,3,3
2772,3,3
2773,4,3
2774,4,5
2775,4,2
2776,4,3
2777,4,2
2778,5,4
2779,3,2
2780,5,4
2781,4,4
2782,3,2
2783,4,2
2784,5,4
2785,4,4
2786,4,3
2787,4,5
2788,4,2
2789,4,5
2790,4,3
2791,4,2
2792,4,3
2793,4,3
2794,4,3
2795,4,3
2796,4,4
2797,3,2
2798,4,4
2799,3,4
2800,1,3
2801,4,2
2802,3,3
2803,4,2
2804,4,4
2805,5,4
2806,4,2
2807,4,4
2808,4,2
2809,4,2
2810,5,4
2811,4,3
2812,4,2
2813,3,3
2814,4,3
2815,5,3
2816,4,3
2817,4,5
2818,4,2
2819,4,3
2820,5,3
2821,3,3
2822,2,2
2823,4,2
2824,4,2
2825,4,2
2826,3,3
2827,5,4
2828,3,3
2829,3,2
2830,4,3
2831,5,5
2832,3,3
2833,4,3
2834,3,2
2835,4,2
2836,4,3
2837,4,2
2838,3,3
2839,4,4
2840,5,4
2841,4,4
2842,4,2
2843,5,3
2844,4,2
2845,4,2
2846,3,2
2847,4,2
2848,4,4
2849,3,3
2850,3,3
2851,4,3
2852,3,2
2853,4,2
2854,4,4
2855,4,3
2856,4,3
2857,4,4
2858,4,3
2859,4,4
2860,4,2
2861,3,3
2862,4,3
2863,3,2
2864,4,4
2865,3,1
2866,4,2
2867,4,2
2868,5,5
2869,3,2
2870,3,3
2871,4,2
2872,4,3
2873,3,3
2874,4,4
2875,5,4
2876,4,2
2877,3,2
2878,1,3
2879,4,2
2880,4,4
2881,4,4
2882,4,3
2883,4,2
2884,5,5
2885,3,1
2886,4,3
2887,3,1
2888,5,4
2889,2,2
2890,3,3
2891,3,3
2892,4,3
2893,4,3
2894,2,2
2895,5,3
2896,4,4
2897,5,3
2898,5,5
2899,4,2
2900,4,3
2901,3,2
2902,1,3
2903,3,2
2904,3,2
2905,1,3
2906,4,2
2907,4,2
2908,3,3
2909,4,2
2910,3,4
2911,4,4
2912,3,3
2913,3,3
2914,4,2
2915,4,5
2916,4,3
2917,4,3
2918,4,3
2919,4,2
2920,4,3
2921,2,2
2922,4,3
2923,4,3
2924,4,3
2925,4,4
2926,4,2
2927,3,3
2928,4,2
2929,3,3
2930,3,2
2931,4,2
2932,5,4
2933,3,1
2934,3,2
2935,4,2
2936,4,5
2937,5,4
2938,3,2
2939,3,3
2940,4,4
2941,3,4
2942,4,2
2943,4,4
2944,4,2
2945,4,2
2946,4,3
2947,4,4
2948,3,3
2949,3,2
2950,2,2
2951,4,2
2952,5,3
2953,4,2
2954,4,3
2955,5,4
2956,4,4
2957,4,3
2958,3,2
2959,3,3
2960,4,3
2961,4,3
2962,4,3
2963,3,3
2964,4,2
2965,5,3
2966,4,3
2967,4,4
2968,3,3
2969,4,2
2970,4,4
2971,4,3
2972,4,3
2973,4,3
2974,3,3
2975,3,3
2976,4,3
2977,3,3
2978,2,2
2979,4,4
2980,4,3
2981,3,3
2982,4,3
2983,4,3
2984,4,3
2985,3,4
2986,4,3
2987,5,4
2988,4,3
2989,3,1
2990,3,2
2991,1,3
2992,4,2
2993,4,2
2994,4,2
2995,2,2
2996,4,2
2997,4,5
2998,4,2
2999,4,3
3000,4,2
